{"stats":{"minecraft:custom":{"minecraft:mob_kills":85,"minecraft:interact_with_crafting_table":12,"minecraft:play_one_minute":55499,"minecraft:leave_game":1,"minecraft:time_since_death":50657,"minecraft:sleep_in_bed":4,"minecraft:climb_one_cm":1000,"minecraft:time_since_rest":1941,"minecraft:sprint_one_cm":479726,"minecraft:damage_taken":1167,"minecraft:walk_one_cm":195190,"minecraft:drop":4,"minecraft:damage_dealt":5200,"minecraft:talked_to_villager":1,"minecraft:fly_one_cm":151597,"minecraft:open_chest":25,"minecraft:crouch_one_cm":1310,"minecraft:deaths":2,"minecraft:sneak_time":737,"minecraft:jump":634,"minecraft:walk_on_water_one_cm":1449,"minecraft:interact_with_smoker":3,"minecraft:fall_one_cm":502,"minecraft:use_cauldron":1},"minecraft:dropped":{"minecraft:bricks":1,"minecraft:oak_fence_gate":4,"minecraft:gold_nugget":1},"minecraft:mined":{"minecraft:smithing_table":1,"minecraft:white_bed":5,"minecraft:glass_pane":1,"minecraft:mossy_cobblestone":7,"minecraft:smoker":2,"minecraft:brewing_stand":1,"minecraft:oak_fence":9,"minecraft:crafting_table":2,"minecraft:blast_furnace":2,"minecraft:lectern":1,"minecraft:cobblestone":38,"minecraft:oak_planks":2,"minecraft:bricks":1,"minecraft:carrots":42,"minecraft:wheat":61,"minecraft:yellow_bed":1,"minecraft:grass":1,"minecraft:bookshelf":3,"minecraft:potatoes":23,"minecraft:oak_log":32,"minecraft:beetroots":5,"minecraft:oak_fence_gate":2,"minecraft:oak_stairs":2,"minecraft:oak_leaves":43},"minecraft:picked_up":{"minecraft:crafting_table":2,"minecraft:wheat":6,"minecraft:smithing_table":1,"minecraft:wooden_pickaxe":1,"minecraft:smoker":2,"minecraft:oak_stairs":2,"minecraft:potato":21,"minecraft:oak_log":32,"minecraft:brewing_stand":1,"minecraft:yellow_bed":1,"minecraft:wheat_seeds":63,"minecraft:bell":1,"minecraft:iron_ingot":12,"minecraft:oak_fence_gate":4,"minecraft:poppy":3,"minecraft:lectern":1,"minecraft:oak_planks":21,"minecraft:book":9,"minecraft:stick":2,"minecraft:oak_fence":9,"minecraft:blast_furnace":2,"minecraft:white_bed":6,"minecraft:carrot":40,"minecraft:mossy_cobblestone":7,"minecraft:arrow":2,"minecraft:slime_ball":129,"minecraft:beetroot_seeds":4,"minecraft:bricks":1,"minecraft:cobblestone":41},"minecraft:killed":{"minecraft:iron_golem":3,"minecraft:slime":81,"minecraft:skeleton":1},"minecraft:used":{"minecraft:stone_sword":117,"minecraft:ladder":2,"minecraft:stone_pickaxe":49,"minecraft:oak_planks":4,"minecraft:baked_potato":6,"minecraft:oak_sign":3,"minecraft:chest":1,"minecraft:wooden_pickaxe":3,"minecraft:crafting_table":3,"minecraft:blast_furnace":2,"minecraft:white_bed":5,"minecraft:smoker":1,"minecraft:oak_stairs":2,"minecraft:bread":15,"minecraft:map":1,"minecraft:stone_axe":47,"minecraft:cobblestone":17,"minecraft:yellow_bed":1},"minecraft:killed_by":{"minecraft:iron_golem":1,"minecraft:slime":1},"minecraft:crafted":{"minecraft:oak_planks":40,"minecraft:oak_sign":3,"minecraft:crafting_table":1,"minecraft:wooden_pickaxe":1,"minecraft:baked_potato":6,"minecraft:bucket":1,"minecraft:stone_axe":1,"minecraft:air":0,"minecraft:shield":1,"minecraft:ladder":3,"minecraft:stick":12,"minecraft:stone_pickaxe":1,"minecraft:stone_sword":1,"minecraft:chest":1}},"DataVersion":1976}